{
  "header__documentation-link": "How Data Apps work?",
  "header__catalog-link": "Data Apps catalog",
  "header__catalog-link--title": "Go to Data Apps catalog",
  "header__login--login": "Log into",
  "header__login--data-apps": "Data Apps",
  "logout": "Log out",
  "back": "Back to App setting",
  "login": "Login",
  "password": "Password",
  "login--action": "Log in",
  "validation--cannot-be-empty": "Field cannot be empty. Please enter a value.",
  "validation--file-cannot-be-empty": "File must be set. Please select a file.",
  "validation--alpha": "Field can only contain alphabetic characters.",
  "validation--email": "Field must be a valid email.",
  "validation--min": "Minimum length is {0}.",
  "validation--max": "Maximum length is {0}.",
  "validation--integer": "Must contain only digits (0-9).",
  "validation--min-value": "Number is smaller than min value ({0}).",
  "validation--max-value": "Number is bigger than max value ({0}).",
  "validation--numeric": "Field can only contain numeric characters.",
  "validation--decimal": "Value is not a valid decimal.",
  "validation--decimal-length": "Too many digits before decimal dot, must be {0} at most.",
  "validation--number": "Value is not a valid number.",
  "validation--regex": "Field format is invalid.",
  "validation--invalid-regex": "Cannot validate field, invalid regular expression provided. Contact your CloverDX Admin for more information.",
  "validation--url": "Value is not a valid url.",
  "validation--date": "Value is not a valid date.",
  "success__download-as-file": "Download result as a file",
  "success__download-file": "Download file",
  "success__result-preview": "Result Preview",
  "running__title": "App is running.",
  "running__hint1": "This operation may take up to a few minutes.",
  "running__hint2": "Please don't close your browser.",
  "catalog_header": "App catalog",
  "catalog__empty--title": "Welcome to Data Apps",
  "catalog__empty--description": "No Data Apps are available, contact your CloverDX Admin for more information.",
  "error__header": "App failed",
  "error__detail": "Error detail",
  "app__run-app": "Run App",
  "app__required-field": "Required field",
  "app__no-description": "This Data Apps does not provide any description or input parameters. Trigger execution by using the Run App button below.",
  "success__header": "Finished successfully",
  "success__no-data": "App finished successfully without returning any data.",
  "success__result": "Result",
  "continue__anonymously": "Continue anonymously",
  "msg-error__app__load__404--title": "App does not exist",
  "msg-error__app__load__404--description": "The app you are trying to reach does not exist or you do not have the required permissions to access it.",
  "msg-error__app__load__generic--title": "Failed to retrieve the app",
  "msg-error__app__load__generic--description": "Try to refresh the page or contact your CloverDX Admin for more information.",
  "msg-error__app__load__403--title": "Failed to retrieve the app",
  "msg-error__app__load__403--description": "You are not authorized to access this app, please log in.",
  "msg-error__app__load__javascript": "Failed to execute custom javascript, contact your CloverDX Admin for more information.",
  "msg-error__catalog__load__generic--title": "Failed to retrieve the app catalog",
  "msg-error__catalog__load__generic--description": "Try to refresh the page",
  "msg-error__invalid-license--description": "CloverDX Server does not have a valid license. Contact your CloverDX Admin for more information.",
  "msg-error__catalog__load__403--title": "Failed to retrieve the app catalog",
  "msg-error__catalog__load__403--description": "Invalid session, please log in again",
  "msg-error__login__failed--title": "Login failed",
  "msg-error__login__failed--decription": "Username or password is incorrect or user is locked.",
  "msg-error__request__timeout": "Request failed. The maximum request time was exceeded. You may contact your administrator to increase the timeout limit.",
  "msg-error__login__empty-fields": "Please enter username and password.",
  "msg-error__logout__failed--title": "Logout failed",
  "msg-error__execution__failed": "Execution of the Data App '{0}' failed.",
  "msg-error__execution__failed__no__title": "Execution of the Data App failed.",
  "msg-error__execution__failed__timeout": "Execution of the Data App failed. The maximum execution time was exceeded.",
  "input_file-hint": "Drop file to attach or",
  "input_file-browse": "browse",
  "input_file-remove": "Remove",
  "debug__btn-label": "Debug details",
  "debug__no-entries": "<< No entries >>",
  "date__invalid": "Invalid date format, expected date in format 'YYYY-MM-DD HH:mm:ss'",
  "method": "Method",
  "job_url": "Job URL",
  "run_id": "Run ID",
  "request_headers": "Request headers" ,
  "request_params": "Request parameters" ,
  "response_status_code": "Status code",
  "response_status_text": "Status text",
  "response_headers": "Response headers",
  "response__exit-fullscreen": "Back (Esc)",
  "response__expand": "Expand",
  "link_to_execution_history": "Show in the Execution History",
  "error_message": "Error messages",
  "v-select__no-matching-options": "No matching options.",
  "preview-truncated": "Preview is truncated due to large amount of data received"
}
